nombre,apellido,dni,email,fecha_nacimiento,direccion,id_localidad,fecha_alta,genero
Luca,Gonzalez,17471301,gonzalez.luca@yahoo.com,1961-09-09,Diagonal 9 N° 71,103,2023-02-25,otro
Catalina,Martinez,28456905,martinez.catalina@hotmail.com,1946-10-31,Diagonal Tierra del Fuego N° 835,1004,2023-01-20,Femenino
Alejo,Fernandez,19364231,fernandez.alejo@yahoo.com,1968-03-06,Avenida Río Gallegos N° 721,3017,2024-07-20,Femenino
Thiago Leonel,Juarez,15834366,juarez.thiago leonel@gmail.com,1994-09-07,Calle San Miguel de Tucumán N° 568,2419,2025-06-24,Masculino
Santiago,Rodriguez,12132899,rodriguez.santiago@hotmail.com,1960-07-14,Blv. Pte. Perón N° 27,123,2024-03-16,Femenino
Facundo,Miranda,24672546,miranda.facundo@gmail.com,1970-03-20,Diagonal San Luis N° 3199,953,2024-01-25,otro
Mateo,Alvarez,11780798,alvarez.mateo@hotmail.com,1991-11-09,Diagonal Buenos Aires N° 16,2299,2024-09-24,Femenino
Thiago Benjamin,Diaz,38153498,diaz.thiago benjamin@hotmail.com,2004-08-30,Avenida Río Negro N° 357,903,2023-08-14,Masculino
Emma,Castro,28669062,castro.emma@yahoo.com,1995-11-11,Camino Mendoza N° 982,3316,2023-05-31,Femenino
Zoe,Guzman,20714555,guzman.zoe@gmail.com,1987-09-22,Diagonal 2 N° 899,2860,2024-02-04,Masculino
Emanuel,Guzman,32833825,guzman.emanuel@gmail.com,1991-04-27,Diagonal San Juan N° 5571,1139,2023-09-12,Femenino
Facundo,Moyano,24449461,moyano.facundo@hotmail.com,1962-12-13,Diagonal J.J. Castelli N° 4438,3921,2024-08-12,Masculino
Paulina,Rojas,16859215,rojas.paulina@hotmail.com,2007-07-13,Avenida 1 N° 65,380,2024-01-16,Masculino
Isabella,Lucero,16490526,lucero.isabella@gmail.com,1950-11-08,Diag. Malvinas Argentinas N° 328,1471,2025-05-13,Masculino
Mateo,Pereyra,27751694,pereyra.mateo@hotmail.com,1973-10-27,Boulevard Malvinas Argentinas N° 537,3306,2025-11-18,Femenino
Lara,Benitez,40831481,benitez.lara@hotmail.com,1975-10-01,Avenida 6 N° 94,2197,2025-07-12,Femenino
Delfina,Rodriguez,35403012,rodriguez.delfina@hotmail.com,1949-01-12,Boulevard 6 N° 45,323,2025-11-14,otro
Pilar,Rojas,29674861,rojas.pilar@hotmail.com,2005-01-26,Av. Río Negro N° 2371,3398,2024-07-13,otro
Pedro,Herrera,34268915,herrera.pedro@hotmail.com,1948-09-17,Blv. Chaco N° 62,2365,2024-01-31,Femenino
Santiago,Rojas,14667767,rojas.santiago@gmail.com,1973-09-25,Av. 2 N° 218,188,2025-10-19,otro
Angel Gabriel,Miranda,25293994,miranda.angel gabriel@gmail.com,1996-04-21,Calle J.M. de Rosas N° 136,3167,2024-08-20,Masculino
Benjamin,Alvarez,15354748,alvarez.benjamin@yahoo.com,1964-06-08,Blv. Santa Fe N° 374,3504,2024-04-14,Femenino
Delfina,Rodriguez,16778091,rodriguez.delfina@hotmail.com,1981-12-03,Avenida 1 N° 983,1557,2023-04-08,Masculino
Thiago Daniel,Rodriguez,40427850,rodriguez.thiago daniel@gmail.com,1949-09-09,Diagonal Entre Ríos N° 419,2604,2025-08-29,Masculino
Catalina,Dominguez,20915531,dominguez.catalina@hotmail.com,1980-08-07,Avenida San Juan N° 537,1517,2023-08-01,Masculino
Felicitas,Garcia,24059778,garcia.felicitas@yahoo.com,1996-03-10,Calle Mitre N° 9141,2746,2025-03-05,Masculino
Thiago Benjamin,Maidana,14791741,maidana.thiago benjamin@gmail.com,2004-11-10,Avenida La Rioja N° 9419,2496,2025-11-12,otro
Augusto,Garcia,21484920,garcia.augusto@hotmail.com,1952-01-28,Calle Belgrano N° 5852,2188,2025-08-06,otro
Sofia,Romero,26428983,romero.sofia@hotmail.com,1988-03-09,Av. Güemes N° 7051,670,2023-03-19,Masculino
Benjamin,Vazquez,35464823,vazquez.benjamin@hotmail.com,1962-11-07,Av. 7 N° 213,1106,2025-05-06,otro
Martina,Torres,24738124,torres.martina@hotmail.com,1955-02-07,Calle Formosa N° 4045,2805,2025-11-11,Masculino
Santino,Vargas,13753932,vargas.santino@yahoo.com,1987-04-06,Boulevard Rivadavia N° 1236,939,2024-06-09,Femenino
Sofia Belen,Ramirez,31169695,ramirez.sofia belen@hotmail.com,2003-10-29,Avenida Saavedra N° 1186,1644,2023-12-21,Masculino
Sofia,Ayala,14441842,ayala.sofia@yahoo.com,1965-10-17,Camino Rivadavia N° 47,865,2024-06-02,otro
Victoria,Rodriguez,31117675,rodriguez.victoria@yahoo.com,1968-12-02,Avenida San Juan N° 250,871,2023-10-14,otro
Clara,Velazquez,43502842,velazquez.clara@gmail.com,1952-05-27,Avenida La Pampa N° 278,1621,2025-06-23,otro
Santiago,Gonzalez,40793026,gonzalez.santiago@yahoo.com,1945-02-21,Diag. Santiago del Estero N° 637,586,2023-04-28,Masculino
Santino Agustin,Ayala,19370432,ayala.santino agustin@hotmail.com,1966-05-22,Calle Jujuy N° 667,1011,2025-12-28,otro
Juana,Fernandez,27632290,fernandez.juana@yahoo.com,1990-04-10,Diagonal Omar Nuñez N° 57,3060,2025-05-10,otro
Zoe Jazmin,Sanchez,38751707,sanchez.zoe jazmin@gmail.com,1974-04-12,Diagonal G. Brown N° 497,3678,2025-01-14,otro
Geronimo,Campos,36803314,campos.geronimo@hotmail.com,1956-07-28,Avenida Santiago del Estero N° 254,1483,2025-11-20,Femenino
Josefina,Cordoba,19283286,cordoba.josefina@gmail.com,1946-09-09,Blv. 2 N° 479,2088,2025-02-15,Masculino
Camila,Fernandez,16100827,fernandez.camila@hotmail.com,1945-05-27,Camino Omar Nuñez N° 74,3096,2023-10-10,Femenino
Luciana,Ledesma,17358428,ledesma.luciana@yahoo.com,1948-06-11,Boulevard Chaco N° 997,627,2025-07-23,otro
Josefina,Navarro,20736210,navarro.josefina@yahoo.com,1986-09-19,Camino J.B. Alberdi N° 3887,3245,2024-12-09,otro
Thiago Benjamin,Martinez,38330675,martinez.thiago benjamin@hotmail.com,1963-11-24,Av. Alem N° 82,2443,2024-03-28,Femenino
Francisco,Romero,35821297,romero.francisco@hotmail.com,1950-07-05,Avenida 3 N° 717,1564,2024-06-07,otro
Juan Pablo,Ramirez,41410296,ramirez.juan pablo@gmail.com,2001-09-14,Boulevard Neuquén N° 7089,2168,2023-01-19,Masculino
Thiago Joaquin,Garcia,10770478,garcia.thiago joaquin@yahoo.com,2003-02-07,Diag. J.J. Castelli N° 488,2787,2023-12-16,otro
Victoria,Suarez,17687437,suarez.victoria@yahoo.com,1967-11-25,Diagonal Tucumán N° 83,2793,2025-09-02,otro
Mateo Benjamin,Barrios,27906335,barrios.mateo benjamin@hotmail.com,1983-06-08,Calle Misiones N° 83,3149,2023-03-29,otro
Thiago Benjamin,Romero,32828789,romero.thiago benjamin@yahoo.com,1967-04-08,Camino Córdoba N° 2684,457,2023-02-09,Masculino
Lautaro Ezequiel,Rodriguez,39176602,rodriguez.lautaro ezequiel@yahoo.com,1960-04-14,Diagonal Santa Fe N° 14,648,2023-11-15,Masculino
Giuliana,Rios,10217789,rios.giuliana@gmail.com,1953-08-13,Calle Rawson N° 634,3907,2025-08-08,otro
Sofía,Cardozo,27675739,cardozo.sofía@gmail.com,1997-12-15,Blv. Belgrano N° 747,3981,2023-11-14,otro
Bautista,Ledesma,21989124,ledesma.bautista@hotmail.com,1961-07-21,Diagonal 2 N° 6990,2080,2024-11-05,Femenino
Antonella,Rodriguez,30028290,rodriguez.antonella@hotmail.com,1968-03-31,Av. 8 N° 68,3448,2023-09-04,otro
Lorenzo,Ponce,44068679,ponce.lorenzo@hotmail.com,1963-05-28,Boulevard Río Negro N° 569,2495,2024-01-26,Femenino
Ludmila,Rodriguez,20256869,rodriguez.ludmila@yahoo.com,1961-08-15,Av. Alem N° 860,1532,2023-10-19,Femenino
Pilar,Sosa,10038379,sosa.pilar@yahoo.com,1968-03-09,Av. Ushuaia N° 940,2454,2023-05-22,Masculino
Emma,Ramirez,42789774,ramirez.emma@hotmail.com,1996-08-14,Av. 8 N° 250,80,2023-12-20,Femenino
Lola,Martinez,34359226,martinez.lola@hotmail.com,1984-08-07,Av. Formosa N° 668,3600,2026-01-05,Masculino
Facundo,Sanchez,26069372,sanchez.facundo@gmail.com,1953-03-27,Avenida Tucumán N° 424,238,2025-01-31,Femenino
Victoria,Nuñez,15285296,nuñez.victoria@hotmail.com,1985-08-21,Calle Rawson N° 355,351,2023-01-31,otro
Lucia,Fernandez,42614267,fernandez.lucia@gmail.com,1948-09-26,Diagonal Chubut N° 271,3343,2025-06-19,Femenino
Emilia,Suarez,18439645,suarez.emilia@yahoo.com,1957-07-28,Avenida Pte. Perón N° 781,526,2023-05-05,otro
Dante,Castillo,41895660,castillo.dante@gmail.com,1955-03-07,Boulevard Belgrano N° 7148,3879,2025-03-31,otro
Olivia,Bustos,21081482,bustos.olivia@yahoo.com,2003-07-24,Av. San Luis N° 294,1086,2025-09-07,otro
Delfina,Dominguez,38396306,dominguez.delfina@gmail.com,1961-05-07,Calle 1 N° 859,3951,2023-03-01,Femenino
Francisco,Vega,23499019,vega.francisco@hotmail.com,2003-07-10,Diagonal San Miguel de Tucumán N° 479,2921,2023-07-07,Masculino
Manuel,Moreno,36775919,moreno.manuel@yahoo.com,2001-04-12,Calle 5 N° 598,4077,2023-07-22,otro
Valentin,Sanchez,35059825,sanchez.valentin@yahoo.com,1963-07-21,Av. Catamarca N° 665,1795,2023-02-19,otro
Catalina,Soto,40298722,soto.catalina@hotmail.com,1984-12-24,Blv. Alem N° 3980,496,2025-03-26,Femenino
Jeremias,Avila,25079183,avila.jeremias@gmail.com,1984-11-09,Diag. Mar del Plata N° 666,263,2025-11-16,Masculino
Santino,Lopez,11411585,lopez.santino@yahoo.com,1992-03-25,Diagonal Mendoza N° 8820,2410,2024-05-12,otro
Valentina,Gomez,25442738,gomez.valentina@yahoo.com,2003-11-19,Blv. Santiago del Estero N° 1746,2411,2025-03-25,Femenino
Guadalupe,Navarro,10482569,navarro.guadalupe@hotmail.com,1975-02-08,Avenida J.J. Castelli N° 58,291,2025-12-29,otro
Pilar,Gonzalez,13950951,gonzalez.pilar@hotmail.com,1986-06-17,Diagonal Güemes N° 782,938,2023-12-25,Femenino
Samuel,Avila,12108087,avila.samuel@yahoo.com,1953-01-07,Calle Tierra del Fuego N° 784,3522,2025-01-12,Masculino
Emma,Molina,14755156,molina.emma@yahoo.com,1957-12-30,Av. Omar Nuñez N° 25,2106,2024-10-15,Femenino
Alma,Caceres,28688292,caceres.alma@yahoo.com,2000-11-11,Diagonal 8 N° 8768,2741,2024-06-09,Masculino
Nicolas,Molina,24377188,molina.nicolas@yahoo.com,1966-12-03,Blv. Rivadavia N° 731,2209,2024-05-18,Femenino
Maria Emilia,Vega,41720415,vega.maria emilia@yahoo.com,1971-04-20,Diagonal 127 Bis N° 6228,996,2024-11-23,Masculino
Santino,Bustos,37317331,bustos.santino@gmail.com,1994-03-10,Camino 3 N° 56,780,2025-09-04,Femenino
Helena,Ferreyra,16504916,ferreyra.helena@yahoo.com,2003-01-11,Av. La Pampa N° 971,2700,2025-08-26,Masculino
Bautista,Morales,33776507,morales.bautista@yahoo.com,1960-07-04,Av. Belgrano N° 3157,1735,2023-02-23,Masculino
Isabella,Arias,41341494,arias.isabella@yahoo.com,1969-06-02,Calle Mendoza N° 332,3539,2023-05-12,otro
Tomas,Alvarez,13635366,alvarez.tomas@hotmail.com,1961-05-31,Av. Entre Ríos N° 854,2759,2025-11-10,otro
Benjamin,Cordoba,16604711,cordoba.benjamin@yahoo.com,1991-02-20,Calle La Rioja N° 5486,249,2024-04-23,Masculino
Sofia,Alvarez,32770212,alvarez.sofia@yahoo.com,1952-04-13,Av. 5 N° 7450,3280,2023-01-22,Femenino
Tiziano,Castillo,26687044,castillo.tiziano@hotmail.com,1948-05-13,Diagonal Pte. Perón N° 6443,785,2025-09-24,Femenino
Santiago,Martinez,40105945,martinez.santiago@hotmail.com,1997-04-02,Diag. Santa Fe N° 15,575,2024-11-24,Masculino
Martina,Torres,22313673,torres.martina@gmail.com,1951-02-28,Avenida J.B. Alberdi N° 39,1141,2024-07-31,Masculino
Julia,Avila,26764226,avila.julia@gmail.com,1962-07-07,Boulevard Malvinas Argentinas N° 285,3582,2023-05-06,Femenino
Valentino,Martin,39738000,martin.valentino@hotmail.com,1994-04-23,Avenida San Juan N° 156,3310,2025-04-22,otro
Juan Ignacio,Torres,16570543,torres.juan ignacio@hotmail.com,1990-10-12,Avenida Salta N° 8113,208,2025-08-29,otro
Antonio,Castro,10990382,castro.antonio@hotmail.com,1960-02-03,Diagonal Neuquén N° 2436,3970,2023-03-21,Femenino
Rosario,Sanchez,25863159,sanchez.rosario@yahoo.com,1952-12-05,Camino 3 N° 975,682,2025-07-10,Masculino
Thiago Nicolas,Fernandez,42590824,fernandez.thiago nicolas@yahoo.com,1989-08-05,Av. 7 N° 6440,1972,2024-11-28,Femenino
Tomàs,Martinez,36913358,martinez.tomàs@yahoo.com,1951-10-15,Avenida 150 Bis N° 283,3697,2023-06-01,Femenino
Antonella,Moreno,21048610,moreno.antonella@hotmail.com,1946-06-24,Avenida 3 N° 9341,1553,2025-07-08,Femenino
Delfina,Aguero,36200760,aguero.delfina@yahoo.com,1997-09-21,Boulevard 1 N° 392,1087,2024-02-03,Masculino
Lourdes,Gomez,29142751,gomez.lourdes@gmail.com,1953-12-29,Diagonal 4 N° 305,1733,2023-04-01,otro
Juan Ignacio,Flores,42659965,flores.juan ignacio@gmail.com,1995-10-08,Av. 6 N° 819,635,2023-12-20,Femenino
Rosario,Gonzalez,29911725,gonzalez.rosario@hotmail.com,1980-07-05,Diagonal Constitución N° 87,892,2024-11-02,Femenino
Ramiro,Aguirre,14090793,aguirre.ramiro@yahoo.com,1950-01-10,Avenida Saavedra N° 59,3064,2024-05-29,Masculino
Olivia,Luna,13836296,luna.olivia@yahoo.com,1975-11-26,Av. Tierra del Fuego N° 94,206,2024-11-08,otro
Facundo,Martinez,41996735,martinez.facundo@yahoo.com,2001-05-01,Av. Bahía Blanca N° 565,2060,2023-09-04,otro
Luciano,Herrera,20565131,herrera.luciano@gmail.com,2001-08-17,Av. 6 N° 9890,233,2024-06-05,otro
Valentina ,Ramirez,15376189,ramirez.valentina @hotmail.com,1996-01-31,Boulevard La Plata N° 6924,3488,2025-06-25,Femenino
Bianca,Fernandez,14598388,fernandez.bianca@yahoo.com,1960-04-14,Avenida J.J. Castelli N° 474,2438,2025-05-30,Femenino
Martin,Maldonado,25784266,maldonado.martin@hotmail.com,1990-12-16,Calle Santiago del Estero N° 3450,1654,2026-01-05,Femenino
Paulina,Ayala,26523232,ayala.paulina@yahoo.com,1945-06-10,Calle 7 N° 12,2372,2025-04-13,otro
Delfina,Flores,12667017,flores.delfina@yahoo.com,1955-09-27,Diagonal Río Gallegos N° 1931,2537,2023-09-11,Femenino
Zoe,Rodriguez,38133707,rodriguez.zoe@gmail.com,1963-07-18,Av. Viedma N° 494,2693,2023-07-05,otro
Lautaro,Gomez,31231220,gomez.lautaro@hotmail.com,1991-03-13,Av. Jujuy N° 71,3829,2023-01-21,Masculino
Sofia,Leiva,23707602,leiva.sofia@gmail.com,1997-01-10,Avenida Constitución N° 336,2744,2024-08-22,otro
Julia,Martinez,31084522,martinez.julia@hotmail.com,2001-09-26,Avenida Mendoza N° 1086,978,2023-05-10,Masculino
Morena Jazmin,Silva,36560738,silva.morena jazmin@hotmail.com,1972-07-18,Av. Chaco N° 385,537,2025-12-16,otro
Alma Jazmin,Rodriguez,30132463,rodriguez.alma jazmin@gmail.com,1961-08-01,Av. Mar del Plata N° 644,1873,2024-06-10,Masculino
Fausto,Rodriguez,14868286,rodriguez.fausto@hotmail.com,1952-10-14,Calle La Rioja N° 422,39,2023-08-25,Masculino
Valentina,Lopez,16709628,lopez.valentina@gmail.com,1996-10-04,Calle Malvinas Argentinas N° 876,301,2025-09-10,otro
Josefina,Benitez,24304543,benitez.josefina@yahoo.com,1975-02-13,Diagonal San Luis N° 92,2073,2024-05-06,Masculino
Malena,Gonzalez,18889009,gonzalez.malena@yahoo.com,2001-08-15,Diagonal Santiago del Estero N° 97,3823,2024-12-28,Masculino
Clara,Moyano,14616506,moyano.clara@hotmail.com,2005-12-28,Boulevard 4 N° 937,3602,2023-04-16,Femenino
Tomàs,Correa,34798543,correa.tomàs@yahoo.com,1993-08-20,Diagonal 1 N° 88,1168,2025-04-03,Femenino
Maximo,Fernandez,39406068,fernandez.maximo@yahoo.com,2007-06-29,Av. Paraná N° 602,3416,2024-06-05,otro
Catalina,Peralta,30301581,peralta.catalina@yahoo.com,1962-03-05,Diagonal Santa Cruz N° 3561,2506,2024-05-05,otro
Nahiara,Quiroga,10524999,quiroga.nahiara@yahoo.com,1953-10-20,Boulevard Jujuy N° 359,2736,2023-06-04,otro
Mia Valentina,Flores,30090967,flores.mia valentina@yahoo.com,1946-04-08,Calle Rawson N° 447,3817,2023-08-11,otro
Felipe,Garcia,16951572,garcia.felipe@gmail.com,1979-07-29,Diag. Omar Nuñez N° 357,3846,2023-09-06,Femenino
Mateo,Rivero,27748007,rivero.mateo@hotmail.com,2000-01-30,Diagonal San Martin N° 853,473,2024-12-07,Femenino
Francisco,Martinez,20431932,martinez.francisco@yahoo.com,2006-07-17,Avenida Mitre N° 7794,1116,2025-04-08,Masculino
Ciro,Lopez,24135116,lopez.ciro@gmail.com,1999-07-21,Camino Buenos Aires N° 952,2940,2025-03-21,Masculino
Mia Jazmin,Garcia,23663184,garcia.mia jazmin@gmail.com,1963-08-04,Av. Rosario N° 863,2816,2023-02-20,otro
Renata,Ruiz,27715659,ruiz.renata@yahoo.com,1961-01-26,Calle Comodoro Rivadavia N° 26,2071,2023-08-24,Masculino
Valentino,Garcia,26852461,garcia.valentino@yahoo.com,1992-05-23,Diagonal J.M. de Rosas N° 210,3709,2024-02-11,Femenino
Delfina,Fernandez,16194045,fernandez.delfina@hotmail.com,1986-06-17,Calle Jujuy N° 21,2599,2024-01-15,Masculino
Ciro,Arias,28567695,arias.ciro@yahoo.com,1949-04-20,Boulevard 9 N° 94,181,2023-08-21,Femenino
Juana,Gonzalez,32384600,gonzalez.juana@yahoo.com,1961-05-25,Calle Santiago del Estero N° 62,3159,2025-04-06,Femenino
Juan Pablo,Caceres,27579520,caceres.juan pablo@hotmail.com,1982-09-26,Camino 1 N° 551,662,2024-07-17,otro
Francesco,Romero,39651079,romero.francesco@hotmail.com,1989-09-28,Diagonal Tucumán N° 6290,2260,2024-06-18,otro
Zoe Valentina,Lopez,38701583,lopez.zoe valentina@hotmail.com,1976-08-23,Av. 121 A N° 175,2298,2023-11-19,Femenino
Martina,Diaz,17507729,diaz.martina@gmail.com,1966-07-03,Av. Pte. Perón N° 144,309,2024-03-29,otro
Benicio,Vargas,20002863,vargas.benicio@hotmail.com,1967-08-13,Diagonal Santa Rosa N° 6736,2235,2025-02-18,Femenino
Helena,Torres,34777665,torres.helena@hotmail.com,1963-03-06,Diagonal Belgrano N° 952,2386,2024-05-22,otro
Santino,Romero,19938405,romero.santino@yahoo.com,1965-11-18,Diagonal Resistencia N° 851,1761,2024-07-10,Femenino
Mora,Benitez,12807087,benitez.mora@hotmail.com,1998-11-20,Calle Alem N° 318,1263,2023-08-19,Masculino
Juan Francisco,Peralta,12677299,peralta.juan francisco@yahoo.com,1947-05-24,Avenida 6 N° 139,3682,2025-11-29,Masculino
Tomàs,Torres,24097997,torres.tomàs@yahoo.com,1996-12-14,Calle 6 N° 424,2794,2023-02-19,Femenino
Abril,Aguirre,16898363,aguirre.abril@yahoo.com,2007-03-12,Avenida Formosa N° 538,1449,2023-11-16,otro
Juan Ignacio,Roldan,37271524,roldan.juan ignacio@yahoo.com,1956-10-10,Av. Belgrano N° 2595,3989,2025-05-01,otro
Juana,Garcia,20371898,garcia.juana@gmail.com,1993-06-19,Diagonal Córdoba N° 2843,3792,2023-08-13,Femenino
Emma,Aguirre,20905308,aguirre.emma@yahoo.com,1982-09-23,Av. San Juan N° 22,3999,2024-05-04,Femenino
Camila,Vera,37668609,vera.camila@yahoo.com,1980-10-19,Av. Neuquén N° 62,102,2024-12-09,Femenino
Valentin,Gutierrez,32292589,gutierrez.valentin@gmail.com,2004-10-08,Av. Mitre N° 37,3205,2025-03-01,Masculino
Thiago Emanuel,Rodriguez,26654221,rodriguez.thiago emanuel@gmail.com,1980-04-13,Calle 6 N° 9355,1093,2023-05-12,Femenino
Valentina,Godoy,17254174,godoy.valentina@hotmail.com,1963-09-14,Avenida 9 N° 33,1567,2023-10-02,Femenino
Milagros,Muñoz,41587472,muñoz.milagros@hotmail.com,1968-01-01,Av. Pte. Perón N° 5140,912,2025-06-16,Femenino
Ciro,Godoy,40890427,godoy.ciro@yahoo.com,2005-07-10,Avenida Jujuy N° 586,1433,2023-05-03,Masculino
Luciano,Fernandez,25273674,fernandez.luciano@yahoo.com,1977-12-24,Avenida San Ferando del Valle de Catamarca N° 675,914,2023-08-01,Femenino
Alejo,Gutierrez,22960720,gutierrez.alejo@gmail.com,1966-09-28,Calle 8 N° 21,1633,2024-04-04,Masculino
Rosario,Guzman,28696734,guzman.rosario@yahoo.com,1961-12-02,Boulevard Pte. Perón N° 649,3541,2023-09-14,Femenino
Guillermina,Gutierrez,28731761,gutierrez.guillermina@yahoo.com,2004-11-05,Calle San Salvador de Jujuy N° 436,1439,2023-03-26,otro
Isabella,Aguirre,44185636,aguirre.isabella@hotmail.com,1990-10-16,Av. Santiago del Estero N° 35,1638,2024-07-31,otro
Bautista Benjamin,Torres,32223091,torres.bautista benjamin@yahoo.com,1948-07-04,Calle San Juan N° 986,3848,2025-05-13,Femenino
Victoria,Olivera,17740453,olivera.victoria@hotmail.com,1986-08-10,Blv. 7 N° 965,3593,2023-08-22,Masculino
Sofia,Gimenez,21983483,gimenez.sofia@hotmail.com,1947-10-07,Calle 6 N° 3897,2379,2023-08-15,Masculino
Ignacio,Cabrera,12567397,cabrera.ignacio@gmail.com,1971-10-07,Diagonal 195 B N° 988,445,2025-06-02,otro
Julieta,Maldonado,39163080,maldonado.julieta@yahoo.com,1967-07-27,Blv. San Luis N° 850,1416,2025-10-24,otro
Sofia Belen,Ramos,31050528,ramos.sofia belen@hotmail.com,1960-07-05,Av. Córdoba N° 793,1788,2025-12-02,otro
Emma,Silva,44321020,silva.emma@hotmail.com,1952-07-03,Av. 7 N° 47,474,2025-02-27,Masculino
Octavio,Ayala,22755970,ayala.octavio@hotmail.com,1994-07-11,Calle 4 N° 977,1044,2024-05-11,Femenino
Maximiliano,Medina,39263324,medina.maximiliano@hotmail.com,1968-04-27,Diagonal Tucumán N° 844,7,2024-01-27,otro
Victoria,Garcia,23222803,garcia.victoria@yahoo.com,1997-07-03,Avenida San Luis N° 697,1492,2024-03-09,Masculino
Emilia,Silva,14695862,silva.emilia@hotmail.com,1970-11-12,Avenida G. Brown N° 1254,3887,2023-05-12,otro
Lautaro,Benitez,32159349,benitez.lautaro@yahoo.com,1995-11-19,Avenida Posadas N° 538,2553,2023-06-28,Masculino
Mora,Nuñez,18363463,nuñez.mora@gmail.com,1948-06-24,Av. Santa Fe N° 27,2949,2024-06-06,Masculino
Lucio,Gomez,44032415,gomez.lucio@gmail.com,1945-05-18,Blv. Saavedra N° 847,1267,2024-03-31,otro
Juan Cruz,Moreno,37406784,moreno.juan cruz@gmail.com,1989-05-31,Av. Tucumán N° 7032,1337,2023-03-07,Masculino
Máximo,Ruiz,29841084,ruiz.máximo@yahoo.com,1957-09-14,Blv. Omar Nuñez N° 150,2271,2025-06-10,Femenino
Juan Martin,Soria,22874170,soria.juan martin@yahoo.com,1964-05-22,Diagonal Mendoza N° 982,1723,2024-03-08,otro
Santiago,Gomez,35444008,gomez.santiago@gmail.com,1994-10-12,Avenida Resistencia N° 65,2775,2025-06-10,otro
Amparo,Lopez,21678777,lopez.amparo@hotmail.com,2003-04-15,Av. Misiones N° 712,2522,2023-10-24,otro
Lautaro Gabriel,Herrera,30196404,herrera.lautaro gabriel@gmail.com,1945-06-28,Avenida Río Gallegos N° 515,1664,2024-02-20,otro
Ambar,Ledesma,10027242,ledesma.ambar@gmail.com,1990-06-20,Avenida 7 N° 245,1245,2024-08-02,Masculino
Mora,Diaz,24105121,diaz.mora@gmail.com,1977-07-26,Diagonal 6 N° 898,1761,2025-11-06,otro
Antonia,Coronel,31625779,coronel.antonia@hotmail.com,1996-05-21,Diagonal Salta N° 225,1905,2023-04-15,Masculino
Milena,Barrios,39672841,barrios.milena@gmail.com,1983-12-31,Calle Salta N° 823,2768,2025-03-12,Femenino
Tomàs,Rodriguez,44304306,rodriguez.tomàs@gmail.com,1979-12-14,Av. Posadas N° 174,1939,2024-02-09,otro
Augusto,Villalba,21387796,villalba.augusto@hotmail.com,1949-12-30,Avenida 2 N° 208,2699,2023-02-28,Femenino
Emilia,Lopez,29044583,lopez.emilia@gmail.com,1997-02-20,Diagonal Misiones N° 876,2112,2024-08-15,otro
Bautista,Soto,32494103,soto.bautista@hotmail.com,1954-01-28,Avenida Córdoba N° 3648,383,2023-01-15,Femenino
Matilda,Chavez,30831897,chavez.matilda@yahoo.com,1990-11-09,Av. Mendoza N° 6337,921,2024-03-13,Femenino
Santiago,Hernandez,19888757,hernandez.santiago@gmail.com,1947-03-21,Av. Malvinas Argentinas N° 4023,101,2023-06-15,Femenino
Mia,Acosta,26431104,acosta.mia@hotmail.com,1992-11-19,Avenida San Martin N° 943,4031,2023-04-07,Masculino
Valentino,Toledo,14887419,toledo.valentino@gmail.com,2000-07-16,Av. Mitre N° 455,1866,2023-08-20,Masculino
Lucas Ezequiel,Pereyra,23048327,pereyra.lucas ezequiel@yahoo.com,1965-06-22,Av. Neuquén N° 9286,2943,2023-03-23,otro
Renzo,Acuña,35768358,acuña.renzo@hotmail.com,1970-12-18,Avenida J.B. Alberdi N° 734,2025,2025-04-24,Masculino
Agustin,Roldan,26373518,roldan.agustin@yahoo.com,2003-05-20,Diag. Buenos Aires N° 969,605,2023-08-06,otro
Francesca,Perez,10372106,perez.francesca@yahoo.com,1989-01-12,Av. 6 N° 41,3657,2024-03-02,Femenino
Thiago,Juarez,38531078,juarez.thiago@gmail.com,2004-06-22,Diag. 9 N° 46,897,2024-04-24,Femenino
Maximiliano,Gonzalez,44759556,gonzalez.maximiliano@gmail.com,1995-06-26,Blv. 8 N° 7943,1903,2025-05-16,Femenino
Juan Cruz,Garcia,26723413,garcia.juan cruz@yahoo.com,1981-05-04,Avenida La Rioja N° 872,3758,2025-01-08,Femenino
Paulina,Sanchez,40632634,sanchez.paulina@gmail.com,1970-04-02,Calle Santiago del Estero N° 31,547,2024-02-19,Masculino
Nicolas,Nuñez,31293505,nuñez.nicolas@hotmail.com,1973-06-10,Calle Comodoro Rivadavia N° 893,3892,2025-10-22,Masculino
Juan David,Romero,43875089,romero.juan david@yahoo.com,1994-04-07,Av. Córdoba N° 353,1748,2025-05-08,otro
Pilar,Avila,39924755,avila.pilar@hotmail.com,1988-09-13,Av. Pte. Perón N° 7030,3675,2025-09-15,Femenino
Francisco,Vega,41854862,vega.francisco@gmail.com,1959-11-29,Avenida Santa Cruz N° 898,1844,2023-02-03,Masculino
Benjamin,Molina,26591977,molina.benjamin@gmail.com,1946-03-01,Avenida Jujuy N° 73,3441,2023-06-25,otro
Bastian,Pereyra,28610049,pereyra.bastian@gmail.com,1958-02-01,Avenida La Rioja N° 266,3137,2024-10-01,otro
Malena,Martinez,42520755,martinez.malena@hotmail.com,1960-05-24,Diag. Mar del Plata N° 207,2568,2024-08-21,Femenino
Thiago,Herrera,28427922,herrera.thiago@hotmail.com,1945-09-01,Calle Misiones N° 259,1802,2023-03-17,Femenino
Francisco,Mendoza,29174891,mendoza.francisco@hotmail.com,2005-06-04,Avenida Catamarca N° 941,961,2023-10-15,Masculino
Alexander,Sanchez,32538346,sanchez.alexander@gmail.com,1984-12-21,Diag. 7 N° 4472,1310,2025-11-26,otro
Alfonsina,Romero,15407475,romero.alfonsina@hotmail.com,1954-07-20,Diagonal Belgrano N° 152,567,2024-11-18,Femenino
Francisco,Rodriguez,25519695,rodriguez.francisco@hotmail.com,1997-05-10,Av. La Pampa N° 58,1569,2025-02-10,otro
Francisco,Castro,20254587,castro.francisco@yahoo.com,1974-05-31,Av. 7 N° 54,2894,2023-05-04,Femenino
Catalina,Fernandez,14310325,fernandez.catalina@hotmail.com,1998-05-15,Diagonal La Pampa N° 151,1700,2024-11-30,Masculino
Benicio,Perez,32205074,perez.benicio@gmail.com,1950-12-19,Av. 9 N° 112,2223,2024-07-12,Masculino
Lautaro Benjamin,Luna,37902136,luna.lautaro benjamin@yahoo.com,2003-10-20,Avenida San Salvador de Jujuy N° 9833,256,2025-12-09,Femenino
Olivia,Fernandez,38195354,fernandez.olivia@yahoo.com,1963-04-17,Calle Misiones N° 824,1596,2024-07-23,otro
Valentina,Martinez,11310767,martinez.valentina@hotmail.com,1978-10-07,Calle Chaco N° 17,3510,2024-06-09,otro
Maite,Alvarez,35526938,alvarez.maite@yahoo.com,1974-12-25,Diag. Santiago del Estero N° 395,1954,2024-05-22,Femenino
Juan Martin,Ledesma,33606133,ledesma.juan martin@yahoo.com,1966-05-29,Avenida 6 N° 467,1224,2024-08-16,Masculino
Emilia,Caceres,38120042,caceres.emilia@yahoo.com,1952-10-10,Calle J.J. Castelli N° 91,2205,2024-12-27,otro
Thiago Joaquin,Diaz,24800101,diaz.thiago joaquin@yahoo.com,2001-08-05,Diag. Misiones N° 524,2000,2024-02-06,Femenino
Milagros,Vera,28316378,vera.milagros@yahoo.com,1950-01-22,Av. Neuquén N° 798,1786,2023-03-08,Masculino
Sol,Sosa,11947822,sosa.sol@hotmail.com,1985-06-08,Calle Entre Ríos N° 351,1593,2025-06-02,Masculino
Dylan Benjamin,Peralta,37133232,peralta.dylan benjamin@yahoo.com,1996-03-31,Diagonal Bahía Blanca N° 54,2967,2025-03-13,Femenino
Thiago Valentin,Castro,41366021,castro.thiago valentin@hotmail.com,1984-03-03,Avenida 8 N° 3968,3767,2023-02-17,Femenino
Jazmin,Garcia,11809687,garcia.jazmin@gmail.com,1952-12-03,Diagonal G. Brown N° 497,3715,2025-01-29,Masculino
Lautaro,Gomez,11818787,gomez.lautaro@hotmail.com,1992-06-10,Calle La Plata N° 6120,344,2025-11-26,otro
Juan,Soria,38763716,soria.juan@hotmail.com,1961-08-16,Av. La Pampa N° 477,556,2025-09-14,Masculino
Santiago,Godoy,22195628,godoy.santiago@yahoo.com,1971-12-12,Diagonal 4 N° 716,206,2026-01-08,Masculino
Delfina,Garcia,35441229,garcia.delfina@hotmail.com,2000-01-23,Av. Malvinas Argentinas N° 6245,1341,2024-12-20,Femenino
Juan Ignacio,Carrizo,40514355,carrizo.juan ignacio@yahoo.com,1980-12-08,Avenida J.B. Alberdi N° 296,1339,2024-07-09,Masculino
Juan Gabriel,Rios,35442729,rios.juan gabriel@hotmail.com,1993-01-25,Boulevard Mitre N° 36,1140,2023-07-12,Masculino
Emma,Gomez,26929655,gomez.emma@yahoo.com,1992-03-19,Avenida 3 N° 368,3420,2025-09-23,Femenino
Mateo Benjamin,Ayala,41561757,ayala.mateo benjamin@gmail.com,1982-10-15,Avenida 3 N° 167,80,2023-01-24,otro
Pilar,Diaz,13495405,diaz.pilar@yahoo.com,1983-03-30,Av. Santiago del Estero N° 837,3900,2023-05-18,Masculino
Tiziano,Arias,25047294,arias.tiziano@gmail.com,1964-11-25,Avenida 5 N° 88,2663,2025-05-12,Femenino
Bianca,Silva,12701677,silva.bianca@yahoo.com,1997-10-09,Blv. San Juan N° 9047,3090,2024-10-31,Femenino
Santino,Rivero,26594901,rivero.santino@gmail.com,1965-04-14,Calle Güemes N° 821,817,2024-01-13,Femenino
Sofia,Ponce,20226206,ponce.sofia@hotmail.com,1968-11-19,Diagonal J.B. Alberdi N° 34,978,2023-11-27,Femenino
Luciana,Ortiz,41780144,ortiz.luciana@hotmail.com,1964-02-26,Calle Tierra del Fuego N° 599,2743,2025-11-30,Femenino
Augusto,Fernandez,24627352,fernandez.augusto@yahoo.com,2007-07-20,Avenida 3 N° 423,1905,2024-05-24,otro
Milena,Coronel,27196223,coronel.milena@hotmail.com,1971-10-01,Av. Formosa N° 862,3142,2025-09-20,Masculino
Geronimo,Vazquez,21260138,vazquez.geronimo@yahoo.com,1980-02-11,Diagonal Omar Nuñez N° 617,2482,2023-06-03,otro
Sebastian,Medina,17686170,medina.sebastian@hotmail.com,1992-06-23,Calle Posadas N° 486,3186,2024-03-02,Femenino
Juan Cruz,Garcia,30873468,garcia.juan cruz@hotmail.com,1984-05-09,Camino 6 N° 2080,443,2023-02-04,otro
Juan Ignacio,Mendez,11723249,mendez.juan ignacio@yahoo.com,1976-02-03,Blv. 4 N° 3254,3805,2023-06-03,Masculino
Ambar,Martinez,35186423,martinez.ambar@yahoo.com,1990-03-31,Calle J.B. Alberdi N° 732,1625,2026-01-07,otro
Catalina,Diaz,23309686,diaz.catalina@gmail.com,1954-01-21,Av. Neuquén N° 62,312,2024-10-27,otro
Juliana,Suarez,26297346,suarez.juliana@gmail.com,1971-02-04,Diag. 2 N° 374,418,2023-08-04,otro
Santino Benjamin,Peralta,30238871,peralta.santino benjamin@gmail.com,1981-02-15,Diagonal Córdoba N° 373,3483,2025-08-24,otro
Ramiro,Mendez,18123867,mendez.ramiro@gmail.com,2006-01-14,Diagonal 7 N° 636,3262,2024-01-29,otro
Victoria,Rodriguez,12756102,rodriguez.victoria@hotmail.com,1985-12-03,Diagonal Tierra del Fuego N° 54,1423,2025-03-24,otro
Sofía,Lopez,38747961,lopez.sofía@yahoo.com,1965-02-19,Diagonal Entre Ríos N° 481,2710,2025-09-27,Masculino
Mia,Pereyra,14627608,pereyra.mia@gmail.com,1969-08-07,Calle Pte. Perón N° 9635,2073,2025-01-10,otro
Ivan,Vazquez,32899636,vazquez.ivan@gmail.com,1984-12-29,Avenida 1 N° 5698,52,2024-10-16,Masculino
Pedro,Ruiz,42896879,ruiz.pedro@hotmail.com,1981-07-16,Calle Catamarca N° 438,433,2025-04-22,Masculino
Juan Cruz,Nuñez,34306027,nuñez.juan cruz@hotmail.com,1991-05-16,Avenida Misiones N° 134,2604,2023-05-23,Masculino
Carmela,Gomez,20267062,gomez.carmela@hotmail.com,1986-06-16,Diagonal 3 N° 31,1784,2023-09-21,Femenino
Guillermina,Sosa,28124922,sosa.guillermina@hotmail.com,1998-04-23,Avenida G. Brown N° 52,2523,2023-02-24,otro
Ignacio,Flores,42446968,flores.ignacio@hotmail.com,1949-05-16,Blv. Salta N° 89,1905,2024-07-22,Masculino
Isabella,Mendez,28011719,mendez.isabella@gmail.com,1970-01-17,Diagonal 2 N° 91,1321,2023-03-19,Femenino
Alma Mia,Gonzalez,15815848,gonzalez.alma mia@gmail.com,1977-02-16,Boulevard Resistencia N° 7048,1143,2024-05-23,Masculino
Valentina,Avila,26365398,avila.valentina@yahoo.com,1963-06-27,Av. Belgrano N° 304,3074,2025-03-21,Masculino
Lautaro Gabriel,Moyano,35433541,moyano.lautaro gabriel@gmail.com,2004-09-14,Avenida Santiago del Estero N° 981,1378,2023-01-22,Femenino
Guadalupe,Garcia,43172347,garcia.guadalupe@yahoo.com,1995-05-10,Av. San Luis N° 4338,3486,2023-01-19,Masculino
Paula,Gonzalez,22203066,gonzalez.paula@hotmail.com,1968-08-07,Diagonal Ciudad Autónoma de Buenos Aires N° 5026,1998,2023-11-24,Femenino
Julia,Martinez,33811900,martinez.julia@yahoo.com,1949-02-06,Calle Güemes N° 49,3268,2024-10-12,Masculino
Constanza,Torres,32839753,torres.constanza@hotmail.com,1950-10-21,Av. Santa Fe N° 1179,1146,2025-11-04,otro
Ciro Benjamin,Martinez,28540070,martinez.ciro benjamin@yahoo.com,2002-12-06,Diag. San Luis N° 8555,2277,2024-01-07,Femenino
Bautista,Diaz,44670267,diaz.bautista@hotmail.com,1952-06-10,Calle 8 N° 961,3884,2023-11-28,Femenino
Facundo,Medina,15745388,medina.facundo@gmail.com,1951-03-07,Diagonal 1 N° 63,989,2023-05-31,otro
Luz Milagros,Martin,37274929,martin.luz milagros@yahoo.com,1979-12-20,Avenida 3 N° 78,2002,2025-05-22,otro
Lautaro Ezequiel,Martinez,26127866,martinez.lautaro ezequiel@yahoo.com,1951-12-17,Calle San Martin N° 43,2829,2023-11-13,Masculino
Gael,Torres,42938462,torres.gael@hotmail.com,1988-11-23,Av. 2 N° 24,1836,2025-10-09,Femenino
Simon,Fernandez,16244704,fernandez.simon@yahoo.com,1953-05-13,Av. 3 N° 8616,1206,2024-08-26,Femenino
Thiago Ezequiel,Lopez,37138900,lopez.thiago ezequiel@gmail.com,2006-11-02,Avenida 3 N° 45,2834,2025-02-23,Femenino
Renata,Molina,30549138,molina.renata@gmail.com,1950-12-30,Calle Rawson N° 489,2720,2023-02-09,otro
Juan Sebastian,Vargas,34764543,vargas.juan sebastian@yahoo.com,1977-09-01,Av. San Luis N° 563,1939,2023-02-19,otro
Juan Cruz,Diaz,33069168,diaz.juan cruz@yahoo.com,1949-01-05,Av. G. Brown N° 2342,1743,2025-10-26,otro
Emma,Rojas,32199028,rojas.emma@hotmail.com,1948-10-30,Boulevard Mitre N° 3635,1442,2024-01-12,otro
Mia,Cordoba,40450329,cordoba.mia@hotmail.com,1969-06-10,Calle Alvear N° 349,1110,2025-02-12,Masculino
Juan Pablo,Lopez,26871415,lopez.juan pablo@gmail.com,1951-03-03,Diagonal 1 N° 604,945,2023-07-31,Femenino
Alma,Lopez,22924113,lopez.alma@yahoo.com,1949-01-29,Av. 3 N° 2865,1293,2026-01-08,Femenino
Thiago Joaquin,Ruiz,22425195,ruiz.thiago joaquin@gmail.com,1967-12-06,Calle Resistencia N° 866,785,2023-10-07,Femenino
Lucia,Castro,42494017,castro.lucia@hotmail.com,1998-07-31,Diagonal Rosario N° 55,1133,2023-07-26,otro
Joaquin,Gonzalez,28991721,gonzalez.joaquin@hotmail.com,1984-01-03,Blv. Neuquén N° 64,4017,2025-09-29,Femenino
Tiziano,Maidana,23027010,maidana.tiziano@gmail.com,1967-07-25,Avenida G. Brown N° 26,1214,2024-12-03,Femenino
Benjamin,Diaz,34218318,diaz.benjamin@hotmail.com,1949-08-22,Diagonal Merlo N° 78,735,2024-10-22,Masculino
León,Cruz,10949480,cruz.león@yahoo.com,2005-01-11,Av. Bahía Blanca N° 3983,2901,2023-05-04,otro
Lourdes,Gonzalez,18494838,gonzalez.lourdes@gmail.com,1966-09-18,Calle Paraná N° 73,1124,2023-05-06,Femenino
Manuel,Mendoza,13659179,mendoza.manuel@gmail.com,1968-01-09,Diagonal Río Negro N° 367,2267,2023-09-11,Masculino
Isabella,Romero,18474473,romero.isabella@gmail.com,1972-11-16,Diagonal Tucumán N° 544,2613,2023-06-08,Masculino
Isabella,Silva,16884540,silva.isabella@yahoo.com,1955-06-24,Calle 2 N° 849,3575,2023-06-09,Femenino
Benjamin,Lopez,29081689,lopez.benjamin@yahoo.com,1950-08-08,Calle Santa Fe N° 527,1923,2025-10-03,Masculino
Juan Pablo,Lopez,39559360,lopez.juan pablo@yahoo.com,1970-03-01,Calle 8 N° 513,1396,2023-09-01,Femenino
Gonzalo,Carrizo,13447833,carrizo.gonzalo@gmail.com,1990-06-29,Av. Río Gallegos N° 187,1035,2025-03-31,Masculino
Ciro,Rojas,17656258,rojas.ciro@yahoo.com,1983-12-31,Av. Belgrano N° 990,3368,2025-06-15,Femenino
Agostina,Rios,36891021,rios.agostina@gmail.com,1996-07-21,Boulevard Resistencia N° 1372,2015,2023-05-11,Femenino
Constantino,Benitez,13597644,benitez.constantino@hotmail.com,1955-02-02,Avenida Omar Nuñez N° 217,622,2025-05-23,Femenino
Camila,Romero,30390056,romero.camila@yahoo.com,1980-05-22,Camino Santa Fe N° 997,349,2023-07-03,Femenino
Renata,Fernandez,17949149,fernandez.renata@hotmail.com,1984-09-04,Boulevard Omar Nuñez N° 25,2286,2025-04-21,Masculino
Emiliano,Lucero,25145607,lucero.emiliano@yahoo.com,1971-02-03,Av. Río Negro N° 57,3178,2023-08-21,otro
Ana Paula,Peralta,35526737,peralta.ana paula@yahoo.com,1947-08-31,Camino San Luis N° 85,1846,2024-08-10,Masculino
Benjamin,Maldonado,29955030,maldonado.benjamin@yahoo.com,1966-03-09,Av. San Luis N° 335,3524,2024-11-28,otro
Octavio,Sanchez,38778283,sanchez.octavio@hotmail.com,1973-05-21,Calle Neuquén N° 78,1251,2025-03-22,otro
Mateo Ezequiel,Paz,14041987,paz.mateo ezequiel@hotmail.com,1998-11-20,Avenida 9 N° 138,2498,2023-11-05,otro
Thiago Lionel,Diaz,16659452,diaz.thiago lionel@gmail.com,1962-01-02,Calle 6 N° 648,3882,2025-03-04,Femenino
Camila,Blanco,24161661,blanco.camila@hotmail.com,1947-02-08,Av. 8 N° 89,1084,2024-07-06,otro
Lautaro,Miranda,15448398,miranda.lautaro@yahoo.com,1995-12-29,Calle San Martin N° 442,644,2025-10-11,Femenino
Francisco,Diaz,21664429,diaz.francisco@hotmail.com,1972-11-22,Camino Santiago del Estero N° 33,2261,2025-07-31,Femenino
Juan,Martinez,20504726,martinez.juan@hotmail.com,1999-10-24,Diagonal Alvear N° 766,11,2024-12-23,Masculino
Valentina,Herrera,40232791,herrera.valentina@hotmail.com,1980-06-15,Avenida Belgrano N° 69,2824,2025-10-11,otro
Mia,Garcia,41535292,garcia.mia@hotmail.com,1952-05-19,Avenida Córdoba N° 545,1193,2023-10-29,Femenino
Felipe,Vazquez,25534107,vazquez.felipe@gmail.com,1999-11-02,Diag. J.B. Alberdi N° 128,1181,2024-04-13,otro
Thiago Benjamin,Flores,28972908,flores.thiago benjamin@yahoo.com,1995-02-28,Diagonal 4 N° 983,2880,2025-11-18,Masculino
Benicio,Garcia,14776792,garcia.benicio@gmail.com,2002-03-26,Av. Jujuy N° 35,2816,2025-05-27,Femenino
Paulina,Lopez,27753960,lopez.paulina@hotmail.com,2006-03-30,Calle Formosa N° 57,3227,2024-06-07,otro
Thiago,Nuñez,23275422,nuñez.thiago@yahoo.com,2002-12-14,Calle 2 N° 923,1742,2025-12-02,Femenino
Olivia,Garcia,25086706,garcia.olivia@gmail.com,2004-04-15,Calle Rivadavia N° 839,2653,2024-05-15,Femenino
Morena Jazmin,Lopez,27826293,lopez.morena jazmin@gmail.com,1978-03-16,Blv. Paraná N° 805,3386,2023-12-01,Femenino
Paulina,Lopez,14792233,lopez.paulina@gmail.com,1978-05-05,Diagonal Saavedra N° 767,245,2025-01-20,Femenino
Olivia,Gonzalez,30643479,gonzalez.olivia@gmail.com,1994-09-30,Calle Paraná N° 1813,2438,2025-09-09,otro
Maria Paz,Martinez,29368328,martinez.maria paz@yahoo.com,1966-04-07,Avenida 5 N° 15,1799,2024-04-05,Femenino
Facundo,Gutierrez,41453788,gutierrez.facundo@hotmail.com,1968-01-06,Diagonal San Ferando del Valle de Catamarca N° 647,2821,2023-09-23,Masculino
Santino Agustin,Ayala,37011889,ayala.santino agustin@yahoo.com,1946-04-30,Diagonal 3 N° 19,3862,2023-09-29,Masculino
Juan Ignacio,Vega,43586119,vega.juan ignacio@gmail.com,1970-07-23,Avenida J.J. Castelli N° 192,2212,2025-10-21,Masculino
Miguel Angel,Gonzalez,39377500,gonzalez.miguel angel@gmail.com,1973-05-22,Calle Córdoba N° 412,330,2024-04-21,otro
Ciro,Gomez,12675011,gomez.ciro@hotmail.com,1963-05-26,Diagonal Misiones N° 2158,3644,2023-07-06,Masculino
Martín,Aguirre,31630635,aguirre.martín@hotmail.com,1958-08-14,Diag. Rivadavia N° 536,2473,2023-03-12,Masculino
Manuel,Bustos,11735763,bustos.manuel@hotmail.com,1977-09-25,Calle San Juan N° 28,375,2023-08-29,Femenino
Santino Agustin,Vargas,11392203,vargas.santino agustin@gmail.com,1994-04-07,Boulevard Santa Fe N° 55,3133,2024-12-31,otro
Isabella,Correa,28086578,correa.isabella@gmail.com,2003-01-08,Diag. Paraná N° 211,2361,2023-01-25,Femenino
Mia Jazmin,Dominguez,21756850,dominguez.mia jazmin@gmail.com,1967-05-23,Av. Viedma N° 661,1928,2023-10-21,otro
Juan Ignacio,Ruiz,39677512,ruiz.juan ignacio@yahoo.com,1963-07-11,Diagonal J.M. de Rosas N° 3211,3753,2023-09-14,Masculino
Santino,Bustos,22179530,bustos.santino@yahoo.com,1999-08-15,Av. Santa Cruz N° 135,4084,2025-01-29,otro
Alma Jazmin,Gomez,39251746,gomez.alma jazmin@yahoo.com,1975-01-06,Avenida 6 N° 94,2601,2025-11-15,Masculino
Francisca,Gutierrez,16123174,gutierrez.francisca@hotmail.com,1992-09-13,Av. Tucumán N° 67,1926,2023-08-28,Masculino
Giuliana,Castro,37403776,castro.giuliana@hotmail.com,1948-09-27,Boulevard 9 N° 2782,1366,2024-05-22,Masculino
Emma,Valdez,17019579,valdez.emma@gmail.com,1979-07-10,Diagonal 7 N° 8187,3514,2023-05-26,Femenino
Jazmín,Acosta,32132749,acosta.jazmín@gmail.com,1978-11-15,Calle J.B. Alberdi N° 918,1687,2023-05-31,otro
Sol,Soto,43250363,soto.sol@hotmail.com,1965-10-02,Av. Alem N° 651,1181,2023-12-22,otro
Juan Gabriel,Romero,36873895,romero.juan gabriel@hotmail.com,1985-11-07,Diagonal San Luis N° 411,3333,2024-06-23,otro
Benicio,Godoy,12462702,godoy.benicio@yahoo.com,1982-04-18,Diagonal Buenos Aires N° 7722,1863,2024-02-09,Femenino
Tomas,Lopez,31106889,lopez.tomas@yahoo.com,1959-09-12,Diagonal San Luis N° 126,1034,2024-12-09,Masculino
Facundo,Nuñez,17779366,nuñez.facundo@hotmail.com,1954-03-10,Calle Alvear N° 78,3974,2025-03-09,Masculino
Fausto,Bustos,44533969,bustos.fausto@hotmail.com,1984-05-25,Diag. 2 N° 699,3379,2024-08-29,Femenino
Ciro,Cabrera,41002707,cabrera.ciro@hotmail.com,1996-11-26,Avenida Paraná N° 3772,1693,2025-08-02,Femenino
Constanza,Cardozo,22588451,cardozo.constanza@yahoo.com,2002-05-25,Camino Tierra del Fuego N° 484,2124,2023-12-01,Masculino
Julian,Garcia,43453305,garcia.julian@yahoo.com,2007-09-18,Blv. Santa Fe N° 9268,2562,2023-07-08,Masculino
Alejo,Ortiz,13463607,ortiz.alejo@hotmail.com,1983-11-10,Diagonal Alem N° 587,834,2023-01-29,Masculino
Maximo,Gonzalez,18792148,gonzalez.maximo@gmail.com,1948-08-20,Calle Córdoba N° 1452,3800,2023-11-22,Masculino
Zoe,Gonzalez,39401473,gonzalez.zoe@yahoo.com,1952-01-01,Diagonal San Juan N° 4896,3608,2025-12-26,otro
Emilia,Dominguez,42528458,dominguez.emilia@yahoo.com,1971-05-26,Diagonal San Juan N° 118,498,2024-02-04,Femenino
Sofia,Aguero,26058980,aguero.sofia@yahoo.com,2001-07-04,Diagonal 6 N° 4849,2908,2024-04-10,Femenino
Tomàs,Velazquez,30854088,velazquez.tomàs@gmail.com,1957-10-01,Diagonal Belgrano N° 596,2257,2024-02-24,Femenino
Valentino,Nuñez,37379791,nuñez.valentino@yahoo.com,1945-05-30,Diagonal San Ferando del Valle de Catamarca N° 61,382,2025-09-07,Femenino
Mora,Dominguez,17614246,dominguez.mora@yahoo.com,1998-10-12,Avenida Tierra del Fuego N° 393,1891,2023-04-25,Femenino
Maia,Fernandez,20332827,fernandez.maia@hotmail.com,1981-07-28,Avenida Ushuaia N° 66,2042,2024-07-23,otro
Juana,Duarte,29586497,duarte.juana@hotmail.com,1981-02-15,Av. Río Gallegos N° 6081,2085,2024-01-18,otro
Florencia,Cabrera,28349234,cabrera.florencia@hotmail.com,1961-08-14,Diagonal G. Brown N° 751,1702,2025-04-28,Masculino
Lisandro,Gonzalez,41690133,gonzalez.lisandro@hotmail.com,2000-12-20,Av. J.J. Castelli N° 540,999,2024-05-21,Masculino
Agustina,Duarte,19706758,duarte.agustina@gmail.com,1997-08-25,Calle Catamarca N° 47,1572,2023-06-20,Femenino
Sofia,Rivero,44107468,rivero.sofia@hotmail.com,1997-10-11,Diag. Mar del Plata N° 128,3057,2024-06-08,Femenino
Martina,Rodriguez,14684875,rodriguez.martina@gmail.com,1999-01-27,Calle Rosario N° 57,1132,2024-09-03,Masculino
Tomàs,Ruiz,32808641,ruiz.tomàs@yahoo.com,1946-03-05,Calle Constitución N° 291,3827,2026-01-02,otro
Juan Francisco,Sosa,27929653,sosa.juan francisco@hotmail.com,1952-04-01,Diagonal Viedma N° 87,3361,2024-09-14,Femenino
Gael,Gonzalez,28981002,gonzalez.gael@gmail.com,1981-04-30,Diagonal 9 N° 562,2974,2023-01-27,Masculino
Nicolas,Castro,42859207,castro.nicolas@gmail.com,1947-11-14,Av. 9 N° 514,3545,2024-06-27,Femenino
Delfina,Barrios,39967288,barrios.delfina@hotmail.com,1954-09-20,Avenida 5 N° 31,2207,2025-05-11,Masculino
Malena,Molina,33160875,molina.malena@yahoo.com,1990-09-25,Calle 8 N° 4522,1362,2024-03-27,otro
Ana Paula,Mendoza,35314138,mendoza.ana paula@yahoo.com,1978-02-02,Diagonal Corrientes N° 626,1866,2024-11-05,Masculino
Mateo,Sanchez,22660246,sanchez.mateo@gmail.com,1993-06-28,Av. Pte. Perón N° 885,4018,2024-12-01,otro
Benicio,Sanchez,26025968,sanchez.benicio@hotmail.com,1952-06-07,Diagonal 5 N° 4258,2343,2025-09-09,Masculino
Bautista,Rodriguez,25674110,rodriguez.bautista@gmail.com,2002-11-03,Calle San Luis N° 491,3507,2025-05-15,Masculino
Thiago Benjamin,Escobar,12929120,escobar.thiago benjamin@hotmail.com,1977-02-25,Calle Mendoza N° 53,1304,2024-12-31,otro
Juan Bautista,Gomez,41740898,gomez.juan bautista@yahoo.com,1979-03-14,Avenida 3 N° 3237,2889,2025-06-07,Masculino
Santino Agustin,Dominguez,35909306,dominguez.santino agustin@gmail.com,1995-02-08,Boulevard San Martin N° 84,4049,2023-04-17,otro
Thiago Benjamin,Martinez,20207615,martinez.thiago benjamin@hotmail.com,1959-02-05,Diagonal Mendoza N° 117,2029,2025-10-13,Femenino
Juan Cruz,Quiroga,18472243,quiroga.juan cruz@hotmail.com,1988-02-21,Diag. Güemes N° 397,2058,2025-10-21,otro
Olivia,Nuñez,32279787,nuñez.olivia@gmail.com,1980-03-08,Blv. Comodoro Rivadavia N° 658,3563,2025-01-27,Femenino
Angelina,Gonzalez,39548449,gonzalez.angelina@gmail.com,1974-12-17,Calle 5 N° 33,409,2024-07-25,otro
Juan Martin,Maldonado,40663924,maldonado.juan martin@hotmail.com,1960-09-13,Avenida Bahía Blanca N° 847,63,2025-07-15,otro
Mateo,Miranda,19674106,miranda.mateo@gmail.com,1961-08-10,Av. 3 N° 91,1680,2025-06-16,otro
Felipe,Lopez,20359006,lopez.felipe@gmail.com,1980-03-08,Av. Mitre N° 244,307,2024-12-07,Masculino
Sofía,Herrera,27785377,herrera.sofía@yahoo.com,1956-08-19,Av. 3 N° 9259,1387,2023-09-27,otro
Lisandro,Romero,36674654,romero.lisandro@yahoo.com,1985-08-14,Avenida Mendoza N° 14,2662,2025-04-01,Femenino
Alma Mia,Gimenez,32049663,gimenez.alma mia@yahoo.com,2001-04-09,Calle 8 N° 9990,3492,2023-07-11,otro
Catalina,Dominguez,35501998,dominguez.catalina@hotmail.com,1981-09-22,Camino Malvinas Argentinas N° 967,3909,2024-08-07,Masculino
Thiago Lionel,Quiroga,42745601,quiroga.thiago lionel@yahoo.com,1960-08-22,Av. Malvinas Argentinas N° 279,3574,2023-08-05,otro
Valentina,Vazquez,12409147,vazquez.valentina@gmail.com,1964-04-20,Av. Formosa N° 19,2530,2023-07-12,Femenino
Maximo,Torres,25755164,torres.maximo@gmail.com,1991-10-30,Av. Belgrano N° 55,2586,2025-04-21,otro
Pedro,Torres,29285678,torres.pedro@yahoo.com,1991-05-05,Avenida Posadas N° 6792,4086,2025-05-21,Femenino
Pilar,Olivera,16065254,olivera.pilar@hotmail.com,1968-06-17,Avenida Saavedra N° 8133,1778,2023-06-14,Femenino
Delfina,Ruiz,16744926,ruiz.delfina@yahoo.com,1999-07-11,Diagonal Tierra del Fuego N° 71,1818,2023-05-31,Femenino
Gael,Herrera,30096828,herrera.gael@hotmail.com,1974-08-27,Avenida 6 N° 17,3701,2024-09-23,Femenino
Mora,Gutierrez,13086401,gutierrez.mora@hotmail.com,1985-09-07,Diagonal 3 N° 174,1329,2025-10-26,Femenino
Isabel,Gutierrez,29687578,gutierrez.isabel@gmail.com,1947-04-25,Av. Alvear N° 31,1469,2024-07-21,Masculino
Emma,Gonzalez,38902901,gonzalez.emma@gmail.com,1950-12-08,Diagonal 166 B N° 182,597,2023-05-30,Femenino
Nicolas,Ojeda,37652324,ojeda.nicolas@hotmail.com,2007-04-17,Avenida Formosa N° 48,2319,2024-09-28,otro
Dante,Perez,22083413,perez.dante@yahoo.com,1979-06-23,Calle 5 N° 951,697,2025-04-24,Femenino
Zoe Valentina,Silva,15299476,silva.zoe valentina@hotmail.com,1975-02-27,Av. Malvinas Argentinas N° 68,2497,2025-12-03,Masculino
Malena,Nuñez,26161813,nuñez.malena@gmail.com,1977-10-28,Calle 4 N° 637,2039,2024-07-11,otro
Agustina,Gonzalez,19604467,gonzalez.agustina@yahoo.com,1961-12-02,Avenida Merlo N° 3188,952,2024-05-11,Masculino
Benicio,Escobar,27044130,escobar.benicio@yahoo.com,1957-06-19,Diagonal Omar Nuñez N° 44,1883,2024-01-21,Masculino
Luna,Diaz,10630650,diaz.luna@gmail.com,2001-11-04,Diagonal San Ferando del Valle de Catamarca N° 8111,3682,2025-04-30,Masculino
Gino,Farias,29302634,farias.gino@yahoo.com,1987-04-06,Camino Ushuaia N° 3497,2776,2024-03-20,otro
Camila,Cardozo,20601564,cardozo.camila@gmail.com,1948-09-16,Av. San Juan N° 67,303,2025-12-11,Masculino
Octavio,Medina,33190516,medina.octavio@gmail.com,1992-07-16,Avenida Ciudad Autónoma de Buenos Aires N° 47,4046,2025-06-30,otro
Santino,Sosa,30075901,sosa.santino@yahoo.com,1957-10-05,Avenida Río Negro N° 3585,2618,2024-10-29,Masculino
Sofia,Quiroga,26783807,quiroga.sofia@yahoo.com,1969-11-14,Avenida Saavedra N° 492,1872,2024-03-04,Masculino
Luciana,Castro,23369226,castro.luciana@yahoo.com,1958-05-15,Blv. 3 N° 370,1576,2025-02-24,Masculino
Valentino,Escobar,17157379,escobar.valentino@hotmail.com,1980-03-17,Avenida Río Negro N° 178,972,2023-06-12,Masculino
Helena,Rodriguez,34089341,rodriguez.helena@yahoo.com,1977-06-15,Calle Alvear N° 695,2355,2025-05-25,Masculino
Isabel,Perez,29812600,perez.isabel@gmail.com,1973-01-17,Camino 4 N° 385,90,2024-07-14,otro
Juan Cruz,Gutierrez,36562073,gutierrez.juan cruz@hotmail.com,1975-06-10,Avenida Güemes N° 362,1125,2024-10-26,Femenino
Agustín,Silva,13291303,silva.agustín@gmail.com,1950-05-30,Avenida 6 N° 745,3730,2024-12-01,otro
Fausto,Acuña,43334803,acuña.fausto@hotmail.com,1984-12-18,Av. Córdoba N° 13,3412,2024-01-09,Masculino
Antonella,Acuña,25442983,acuña.antonella@hotmail.com,1996-01-17,Calle 2 N° 89,2487,2023-04-03,Masculino
Benjamin,Ruiz,24697145,ruiz.benjamin@gmail.com,1952-02-06,Calle Salta N° 4644,2608,2024-03-26,Femenino
Simon,Fernandez,26819279,fernandez.simon@hotmail.com,2002-02-01,Calle 6 N° 8597,2777,2024-03-08,otro
Manuel,Fernandez,19179099,fernandez.manuel@hotmail.com,1981-09-22,Av. 7 N° 586,2574,2025-01-27,Femenino
Juan Pablo,Cordoba,12645604,cordoba.juan pablo@yahoo.com,1965-12-23,Avenida Corrientes N° 93,1266,2024-06-27,Masculino
Emilia,Rojas,12239055,rojas.emilia@hotmail.com,2007-10-10,Diagonal Jujuy N° 75,2374,2025-07-25,Masculino
Francisco,Gonzalez,18818897,gonzalez.francisco@yahoo.com,1957-11-09,Av. San Salvador de Jujuy N° 77,370,2023-12-18,Masculino
Thiago Benjamin,Flores,31925749,flores.thiago benjamin@gmail.com,1980-03-07,Boulevard Malvinas Argentinas N° 549,3062,2024-03-02,Masculino
Renata,Roldan,21787005,roldan.renata@gmail.com,1954-04-28,Diagonal Viedma N° 849,823,2024-05-22,Femenino
Benjamin,Rodriguez,34552283,rodriguez.benjamin@hotmail.com,1946-07-14,Calle 5 N° 81,2175,2024-01-06,otro
Catalina,Gonzalez,28289000,gonzalez.catalina@gmail.com,1968-04-17,Diagonal Chilecito N° 6720,3402,2023-08-24,Femenino
Isabella,Ramos,27244970,ramos.isabella@gmail.com,1981-12-28,Calle Rosario N° 126,3744,2024-01-31,Masculino
Olivia,Bravo,29806607,bravo.olivia@gmail.com,1995-03-22,Calle 118 Bis N° 837,3058,2025-12-03,Masculino
Thiago Daniel,Maidana,17728908,maidana.thiago daniel@gmail.com,1987-11-03,Diagonal San Juan N° 845,1919,2023-11-14,Femenino
Benicio,Rodriguez,19446043,rodriguez.benicio@hotmail.com,1959-11-06,Avenida J.B. Alberdi N° 522,3090,2024-09-15,Femenino
Francesco,Gonzalez,36669833,gonzalez.francesco@gmail.com,1984-07-26,Av. Mitre N° 24,3962,2023-09-11,otro
Guillermina,Castillo,34546748,castillo.guillermina@yahoo.com,1996-09-17,Calle Santa Fe N° 92,370,2023-07-24,Masculino
Pilar,Sanchez,10934065,sanchez.pilar@hotmail.com,1998-09-08,Avenida Neuquén N° 706,1084,2023-08-07,otro
Valentina,Gonzalez,18293899,gonzalez.valentina@hotmail.com,1974-10-19,Av. Río Negro N° 39,1863,2024-07-03,Masculino
Juan Cruz,Herrera,27593354,herrera.juan cruz@hotmail.com,2007-04-04,Calle J.J. Castelli N° 55,2395,2025-04-30,Masculino
Guadalupe,Gonzalez,34929174,gonzalez.guadalupe@hotmail.com,1979-06-16,Calle Constitución N° 456,444,2023-04-18,otro
Milagros,Rojas,25691522,rojas.milagros@yahoo.com,1957-12-12,Av. San Juan N° 56,1932,2024-10-07,Femenino
Santino Benjamin,Gomez,32012128,gomez.santino benjamin@hotmail.com,1989-11-11,Diag. 3 N° 14,3749,2023-06-25,otro
Pilar,Gomez,24855701,gomez.pilar@hotmail.com,1988-09-11,Diagonal J.J. Castelli N° 591,2653,2024-08-01,Femenino
Delfina,Vera,41156466,vera.delfina@gmail.com,2007-09-14,Av. 2 N° 690,3725,2024-10-17,otro
Gael,Arias,30279639,arias.gael@gmail.com,2001-01-27,Av. Tucumán N° 52,2660,2023-12-11,Masculino
Thiago Daniel,Gomez,17829989,gomez.thiago daniel@hotmail.com,1960-09-29,Calle Salta N° 399,573,2025-05-26,Femenino
Renata,Gomez,12497263,gomez.renata@hotmail.com,1984-04-05,Av. San Juan N° 331,1247,2025-05-13,Masculino
Lola,Romero,17792713,romero.lola@gmail.com,1981-05-11,Av. 158 B N° 7575,399,2024-05-26,Femenino
Sofía,Ortiz,19104260,ortiz.sofía@gmail.com,1970-07-20,Boulevard Güemes N° 877,1592,2023-01-10,Masculino
Ian Benjamin,Velazquez,34898161,velazquez.ian benjamin@hotmail.com,1946-02-19,Blv. Jujuy N° 44,2747,2024-05-13,otro
Benjamin,Paz,38127120,paz.benjamin@hotmail.com,2000-12-26,Av. Posadas N° 392,2406,2023-03-09,otro
Malena,Fernandez,20369856,fernandez.malena@yahoo.com,1970-01-02,Avenida Güemes N° 7149,3627,2023-05-09,Masculino
Lisandro,Arias,16645229,arias.lisandro@gmail.com,1978-04-03,Diagonal Mitre N° 5119,3415,2025-06-23,Masculino
Olivia,Vargas,37388193,vargas.olivia@yahoo.com,1968-09-13,Av. Omar Nuñez N° 1379,3847,2023-04-04,Masculino
Julieta,Gonzalez,12195552,gonzalez.julieta@hotmail.com,1983-06-20,Av. 4 N° 78,2828,2025-07-22,Masculino
Dante,Gomez,24580721,gomez.dante@yahoo.com,1964-09-29,Calle G. Brown N° 19,1817,2024-09-21,Masculino
Thiago Benjamin,Ruiz,25845250,ruiz.thiago benjamin@yahoo.com,1997-09-07,Diagonal Río Negro N° 774,3504,2025-05-30,Masculino
Mora,Ponce,16667575,ponce.mora@gmail.com,1961-07-07,Diagonal 6 N° 292,4018,2025-11-18,otro
Renata,Torres,34651431,torres.renata@gmail.com,1966-11-07,Diagonal Río Gallegos N° 835,2231,2024-11-24,otro
Martina,Maldonado,34070194,maldonado.martina@gmail.com,1991-08-31,Diagonal Santiago del Estero N° 14,249,2025-08-31,Masculino
Gabriel,Aguero,28514090,aguero.gabriel@yahoo.com,1945-12-17,Diag. Corrientes N° 640,778,2025-04-24,Femenino
Delfina,Molina,40515566,molina.delfina@yahoo.com,1982-05-16,Diagonal San Ferando del Valle de Catamarca N° 709,376,2023-03-18,otro
Valentina,Rodriguez,24234180,rodriguez.valentina@gmail.com,1998-09-24,Avenida Neuquén N° 207,2629,2025-10-31,otro
Victoria,Roldan,11433274,roldan.victoria@hotmail.com,1969-07-16,Calle Pte. Perón N° 7693,208,2023-06-13,Masculino
Florencia,Suarez,26345631,suarez.florencia@hotmail.com,1981-03-14,Calle 8 N° 104,4051,2025-04-11,Femenino
Julieta,Aguirre,23771113,aguirre.julieta@hotmail.com,1955-09-17,Diagonal 6 N° 935,282,2023-04-16,otro
Lucía,Lucero,23902095,lucero.lucía@gmail.com,1982-10-16,Avenida G. Brown N° 7291,2402,2025-11-28,Femenino
Tomas,Morales,25636276,morales.tomas@gmail.com,1973-06-04,Calle 5 N° 9537,1346,2023-11-27,Femenino
Jeremias,Nuñez,10190290,nuñez.jeremias@hotmail.com,1999-06-22,Calle 9 N° 3662,1136,2023-04-25,Femenino
Lautaro Benjamin,Duarte,18723624,duarte.lautaro benjamin@gmail.com,1957-07-22,Camino Merlo N° 67,2213,2024-10-09,Masculino
Julieta,Villalba,21710303,villalba.julieta@hotmail.com,1995-04-09,Diagonal Bahía Blanca N° 15,451,2025-08-07,otro
Tiziano,Martinez,11730076,martinez.tiziano@gmail.com,1960-09-27,Avenida Tierra del Fuego N° 8268,540,2023-10-22,Femenino
Elena,Aguirre,34041232,aguirre.elena@gmail.com,1956-03-03,Calle 1 N° 4643,3236,2023-04-22,Femenino
Joaquin,Moyano,31727935,moyano.joaquin@yahoo.com,2004-01-13,Diagonal Neuquén N° 1676,65,2024-05-10,Femenino
Camila,Acuña,27808512,acuña.camila@hotmail.com,1985-06-08,Diagonal Tierra del Fuego N° 8881,215,2023-03-16,Femenino
Enzo,Martinez,38250184,martinez.enzo@hotmail.com,1971-12-12,Calle 180 B N° 87,2155,2024-04-27,Femenino
Thiago Nahuel,Garcia,14265307,garcia.thiago nahuel@gmail.com,1973-10-10,Boulevard San Luis N° 828,1951,2023-05-30,Masculino
Lisandro,Gomez,34296024,gomez.lisandro@hotmail.com,2005-11-19,Calle Misiones N° 380,2103,2025-07-15,otro
Alfonsina,Escobar,17318490,escobar.alfonsina@yahoo.com,1951-03-01,Diagonal San Miguel de Tucumán N° 222,1852,2023-07-06,otro
Lucia,Godoy,24867952,godoy.lucia@gmail.com,1980-09-02,Diagonal Salta N° 729,3873,2024-08-23,otro
Martina,Lopez,12910178,lopez.martina@yahoo.com,1983-07-05,Camino Saavedra N° 7250,2979,2024-05-04,otro
Sebastian,Soto,44993998,soto.sebastian@yahoo.com,1987-08-28,Camino 4 N° 51,1236,2024-12-22,Masculino
Guillermina,Aguirre,12090484,aguirre.guillermina@gmail.com,1986-05-26,Avenida Mitre N° 778,250,2023-05-13,Masculino
Juan Martin,Gonzalez,36952077,gonzalez.juan martin@hotmail.com,1963-12-14,Av. Corrientes N° 31,1747,2025-10-20,otro
Lautaro,Fernandez,17245195,fernandez.lautaro@gmail.com,1990-06-01,Diagonal La Pampa N° 7031,2009,2023-09-17,otro
Felicitas,Cabrera,39766964,cabrera.felicitas@hotmail.com,1992-08-25,Diagonal Córdoba N° 1925,302,2024-04-18,Femenino
Juan Cruz,Mendoza,31616558,mendoza.juan cruz@gmail.com,1996-08-21,Av. Corrientes N° 561,2492,2025-04-07,Femenino
Renata,Diaz,14407860,diaz.renata@gmail.com,1986-09-04,Av. 9 N° 5779,517,2025-08-12,Masculino
Thiago Leonel,Perez,31822825,perez.thiago leonel@hotmail.com,1987-06-09,Calle Neuquén N° 837,1561,2025-08-13,otro
Francisco,Garcia,29790252,garcia.francisco@gmail.com,1945-02-18,Av. 2 N° 737,1859,2023-03-21,otro
Ignacio,Castro,38870188,castro.ignacio@hotmail.com,1959-06-23,Avenida 5 N° 551,407,2025-03-07,otro
Nicolas,Vazquez,17678198,vazquez.nicolas@gmail.com,1991-09-12,Avenida Neuquén N° 304,3494,2024-06-06,otro
Zoe Jazmin,Ayala,24429953,ayala.zoe jazmin@yahoo.com,2007-05-16,Calle San Ferando del Valle de Catamarca N° 967,1762,2024-12-28,Masculino
Martín,Ramirez,25333944,ramirez.martín@hotmail.com,1948-11-02,Avenida Alvear N° 981,1695,2023-11-29,Masculino
Dante,Romero,40433796,romero.dante@yahoo.com,1949-07-13,Avenida San Martin N° 936,1634,2025-06-14,Masculino
Sofía,Lopez,16381102,lopez.sofía@gmail.com,2003-11-11,Avenida Pte. Perón N° 570,1281,2023-05-24,Masculino
